{
    "accuracy": 0.6683039647577093,
    "precision": 0.6716355005434662,
    "recall": 0.9916159035828912,
    "f1_score": 0.8008463929114593,
    "roc_auc": 0.47196799299920056,
    "features": [
        "duration",
        "total_packets_used",
        "bytes_flow",
        "bytes_per_packet",
        "packets_per_seconds",
        "hour_of_day",
        "is_common_port",
        "has_SYN",
        "has_ACK",
        "has_RST",
        "has_FIN"
    ],
    "training_size": 105932,
    "test_size": 45400,
    "timestamp": "2025-04-09T09:17:03.451167"
}