{
    "accuracy": 0.6676872246696035,
    "precision": 0.6713629606620665,
    "recall": 0.9909936464269339,
    "f1_score": 0.8004497057072945,
    "roc_auc": 0.4757517718315055,
    "features": [
        "duration",
        "total_packets_used",
        "bytes_flow",
        "bytes_per_packet",
        "packets_per_seconds",
        "hour_of_day",
        "is_common_port",
        "has_SYN",
        "has_ACK",
        "has_RST",
        "has_FIN"
    ],
    "training_size": 105932,
    "test_size": 45400,
    "timestamp": "2025-04-09T08:12:44.854655"
}