{
    "accuracy": 0.667533039647577,
    "precision": 0.67127390513378,
    "recall": 0.9909281456736753,
    "f1_score": 0.80036504073643,
    "roc_auc": 0.47408260634591004,
    "features": [
        "duration",
        "total_packets_used",
        "bytes_flow",
        "bytes_per_packet",
        "packets_per_seconds",
        "hour_of_day",
        "is_common_port",
        "has_SYN",
        "has_ACK",
        "has_RST",
        "has_FIN"
    ],
    "training_size": 105932,
    "test_size": 45400,
    "timestamp": "2025-04-09T09:23:46.481583"
}